123	4.5	A person on a horse jumps over a broken down airplane.	This is a test.
123	4.5	A person on a horse jumps over a broken down airplane.	This is a test.
123	4.5	A person on a horse jumps over a broken down airplane.	This is a test.
123	4.5	A person on a horse jumps over a broken down airplane.	This is a test.
123	4.5	A person on a horse jumps over a broken down airplane.	This is a test.
123	4.5	A person on a horse jumps over a broken down airplane.	This is a test.
123	4.5	A person on a horse jumps over a broken down airplane.	This is a test.
123	4.5	A person on a horse jumps over a broken down airplane.	This is a test.
123	4.5	A person on a horse jumps over a broken down airplane.	This is a test.
123	4.5	A person on a horse jumps over a broken down airplane.	This is a test.
123	4.5	A person on a horse jumps over a broken down airplane.	This is a test.
123	4.5	A person on a horse jumps over a broken down airplane.	This is a test.
123	4.5	A person on a horse jumps over a broken down airplane.	This is a test.
123	4.5	A person on a horse jumps over a broken down airplane.	This is a test.
123	4.5	A person on a horse jumps over a broken down airplane.	This is a test.
123	4.5	A person on a horse jumps over a broken down airplane.	This is a test.
123	4.5	A person on a horse jumps over a broken down airplane.	This is a test.
123	4.5	A person on a horse jumps over a broken down airplane.	This is a test.
123	4.5	A person on a horse jumps over a broken down airplane.	This is a test.
123	4.5	A person on a horse jumps over a broken down airplane.	This is a test.
123	4.5	A person on a horse jumps over a broken down airplane.	This is a test.
123	4.5	A person on a horse jumps over a broken down airplane.	This is a test.
123	4.5	A person on a horse jumps over a broken down airplane.	This is a test.
123	4.5	A person on a horse jumps over a broken down airplane.	This is a test.
123	4.5	A person on a horse jumps over a broken down airplane.	This is a test.
123	4.5	A person on a horse jumps over a broken down airplane.	This is a test.
123	4.5	A person on a horse jumps over a broken down airplane.	This is a test.
123	4.5	A person on a horse jumps over a broken down airplane.	This is a test.
123	4.5	A person on a horse jumps over a broken down airplane.	This is a test.
123	4.5	A person on a horse jumps over a broken down airplane.	This is a test.
123	4.5	A person on a horse jumps over a broken down airplane.	This is a test.
123	4.5	A person on a horse jumps over a broken down airplane.	This is a test.
123	4.5	A person on a horse jumps over a broken down airplane.	This is a test.
123	4.5	A person on a horse jumps over a broken down airplane.	This is a test.
123	4.5	A person on a horse jumps over a broken down airplane.	This is a test.
123	4.5	A person on a horse jumps over a broken down airplane.	This is a test.
123	4.5	A person on a horse jumps over a broken down airplane.	This is a test.
123	4.5	A person on a horse jumps over a broken down airplane.	This is a test.
123	4.5	A person on a horse jumps over a broken down airplane.	This is a test.
123	4.5	A person on a horse jumps over a broken down airplane.	This is a test.
123	4.5	A person on a horse jumps over a broken down airplane.	This is a test.
123	4.5	A person on a horse jumps over a broken down airplane.	This is a test.
123	4.5	A person on a horse jumps over a broken down airplane.	This is a test.
123	4.5	A person on a horse jumps over a broken down airplane.	This is a test.
123	4.5	A person on a horse jumps over a broken down airplane.	This is a test.
123	4.5	A person on a horse jumps over a broken down airplane.	This is a test.
123	4.5	A person on a horse jumps over a broken down airplane.	This is a test.
123	4.5	A person on a horse jumps over a broken down airplane.	This is a test.
123	4.5	A person on a horse jumps over a broken down airplane.	This is a test.
123	4.5	A person on a horse jumps over a broken down airplane.	This is a test.
123	4.5	A person on a horse jumps over a broken down airplane.	This is a test.
123	4.5	A person on a horse jumps over a broken down airplane.	This is a test.
123	4.5	A person on a horse jumps over a broken down airplane.	This is a test.
123	4.5	A person on a horse jumps over a broken down airplane.	This is a test.
123	4.5	A person on a horse jumps over a broken down airplane.	This is a test.
123	4.5	A person on a horse jumps over a broken down airplane.	This is a test.
123	4.5	A person on a horse jumps over a broken down airplane.	This is a test.
123	4.5	A person on a horse jumps over a broken down airplane.	This is a test.
123	4.5	A person on a horse jumps over a broken down airplane.	This is a test.
123	4.5	A person on a horse jumps over a broken down airplane.	This is a test.
123	4.5	A person on a horse jumps over a broken down airplane.	This is a test.
123	4.5	A person on a horse jumps over a broken down airplane.	This is a test.
123	4.5	A person on a horse jumps over a broken down airplane.	This is a test.
123	4.5	A person on a horse jumps over a broken down airplane.	This is a test.
123	4.5	A person on a horse jumps over a broken down airplane.	This is a test.
123	4.5	A person on a horse jumps over a broken down airplane.	This is a test.
123	4.5	A person on a horse jumps over a broken down airplane.	This is a test.
123	4.5	A person on a horse jumps over a broken down airplane.	This is a test.
123	4.5	A person on a horse jumps over a broken down airplane.	This is a test.
123	4.5	A person on a horse jumps over a broken down airplane.	This is a test.
123	4.5	A person on a horse jumps over a broken down airplane.	This is a test.
123	4.5	A person on a horse jumps over a broken down airplane.	This is a test.
123	4.5	A person on a horse jumps over a broken down airplane.	This is a test.
123	4.5	A person on a horse jumps over a broken down airplane.	This is a test.
123	4.5	A person on a horse jumps over a broken down airplane.	This is a test.
123	4.5	A person on a horse jumps over a broken down airplane.	This is a test.
123	4.5	A person on a horse jumps over a broken down airplane.	This is a test.
123	4.5	A person on a horse jumps over a broken down airplane.	This is a test.
123	4.5	A person on a horse jumps over a broken down airplane.	This is a test.
123	4.5	A person on a horse jumps over a broken down airplane.	This is a test.
123	4.5	A person on a horse jumps over a broken down airplane.	This is a test.
123	4.5	A person on a horse jumps over a broken down airplane.	This is a test.
123	4.5	A person on a horse jumps over a broken down airplane.	This is a test.
123	4.5	A person on a horse jumps over a broken down airplane.	This is a test.
123	4.5	A person on a horse jumps over a broken down airplane.	This is a test.
123	4.5	A person on a horse jumps over a broken down airplane.	This is a test.
123	4.5	A person on a horse jumps over a broken down airplane.	This is a test.
123	4.5	A person on a horse jumps over a broken down airplane.	This is a test.
123	4.5	A person on a horse jumps over a broken down airplane.	This is a test.
123	4.5	A person on a horse jumps over a broken down airplane.	This is a test.
123	4.5	A person on a horse jumps over a broken down airplane.	This is a test.
123	4.5	A person on a horse jumps over a broken down airplane.	This is a test.
123	4.5	A person on a horse jumps over a broken down airplane.	This is a test.
123	4.5	A person on a horse jumps over a broken down airplane.	This is a test.
123	4.5	A person on a horse jumps over a broken down airplane.	This is a test.
